msg,time_prev,time_now
-1,15548165062394002,15548165063239002
0,15548165062689002,15548165063254002
1,15548165062954002,15548165063259002
2,15548165063249002,15548165063264002
3,15548165063629002,15548165063644002
4,15548165063959002,15548165063974002
5,15548165064239002,15548165064299002
6,15548165064699002,15548165064804002
7,15548165065074002,15548165065129002
8,15548165065339002,15548165065464002
9,15548165065674002,15548165065799002
10,15548165066014002,15548165066129002
11,15548165066354002,15548165066464002
12,15548165066689002,15548165066794002
13,15548165066994002,15548165067119002
14,15548165067424002,15548165067454002
15,15548165067649002,15548165067779002
16,15548165067974002,15548165068114002
17,15548165068259002,15548165068284002
18,15548165068564002,15548165068609002
19,15548165069089002,15548165069104002
20,15548165069389002,15548165069439002
21,15548165069739002,15548165069769002
22,15548165070034002,15548165070099002
23,15548165070344002,15548165070434002
24,15548165070729002,15548165070769002
25,15548165071054002,15548165071099002
26,15548165071324002,15548165071429002
27,15548165071624002,15548165071774002
28,15548165071924002,15548165072089002
29,15548165072259002,15548165072424002
30,15548165072569002,15548165072584002
31,15548165073034002,15548165073089002
32,15548165073349002,15548165073419002
33,15548165073664002,15548165073749002
34,15548165073969002,15548165074079002
35,15548165074329002,15548165074414002
36,15548165074659002,15548165074754002
37,15548165074964002,15548165075074002
38,15548165075244002,15548165075404002
39,15548165075594002,15548165075739002
40,15548165075914002,15548165076064002
41,15548165076219002,15548165076234002
42,15548165076529002,15548165076564002
43,15548165077059002,15548165077224002
44,15548165077334002,15548165077394002
45,15548165077749002,15548165077894002
46,15548165078044002,15548165078054002
47,15548165078314002,15548165078389002
48,15548165078629002,15548165078719002
49,15548165078964002,15548165079054002
50,15548165079259002,15548165079394002
51,15548165079594002,15548165079714002
52,15548165079914002,15548165080044002
53,15548165080219002,15548165080379002
54,15548165080534002,15548165080704002
55,15548165081024002,15548165081034002
56,15548165081369002,15548165081534002
57,15548165081654002,15548165081699002
58,15548165081974002,15548165082029002
59,15548165082289002,15548165082364002
60,15548165082654002,15548165082699002
61,15548165082964002,15548165083029002
62,15548165083274002,15548165083359002
63,15548165083579002,15548165083694002
64,15548165083904002,15548165084024002
65,15548165084224002,15548165084354002
66,15548165084589002,15548165084684002
67,15548165084924002,15548165085014002
68,15548165085354002,15548165085509002
69,15548165085684002,15548165085839002
70,15548165085959002,15548165086004002
71,15548165086304002,15548165086339002
72,15548165086624002,15548165086669002
73,15548165086954002,15548165086999002
74,15548165087264002,15548165087334002
75,15548165087589002,15548165087669002
76,15548165087914002,15548165087999002
77,15548165088234002,15548165088329002
78,15548165088544002,15548165088659002
79,15548165088884002,15548165088989002
80,15548165089364002,15548165089489002
81,15548165089684002,15548165089824002
82,15548165089974002,15548165089984002
83,15548165090299002,15548165090314002
84,15548165090674002,15548165090809002
85,15548165090954002,15548165090974002
86,15548165091264002,15548165091304002
87,15548165091589002,15548165091639002
88,15548165091919002,15548165091974002
89,15548165092244002,15548165092304002
90,15548165092589002,15548165092644002
91,15548165092889002,15548165092964002
92,15548165093399002,15548165093464002
93,15548165093699002,15548165093799002
94,15548165094034002,15548165094129002
95,15548165094364002,15548165094459002
96,15548165094644002,15548165094789002
97,15548165094989002,15548165095154002
98,15548165095439002,15548165095454002
99,15548165095714002,15548165095789002
100,15548165095954002,15548165096114002
101,15548165096254002,15548165096284002
102,15548165096549002,15548165096609002
103,15548165096924002,15548165096944002
104,15548165097389002,15548165097444002
105,15548165097704002,15548165097774002
106,15548165098004002,15548165098104002
107,15548165098319002,15548165098439002
108,15548165098644002,15548165098769002
109,15548165099014002,15548165099099002
110,15548165099279002,15548165099434002
111,15548165099624002,15548165099759002
112,15548165099899002,15548165099924002
113,15548165100239002,15548165100254002
114,15548165100559002,15548165100584002
115,15548165100884002,15548165100914002
116,15548165101189002,15548165101249002
117,15548165101684002,15548165101749002
118,15548165102019002,15548165102079002
119,15548165102329002,15548165102414002
120,15548165102654002,15548165102744002
121,15548165103014002,15548165103074002
122,15548165103289002,15548165103404002
123,15548165103629002,15548165103734002
124,15548165103919002,15548165104069002
125,15548165104274002,15548165104399002
126,15548165104594002,15548165104729002
127,15548165104954002,15548165105059002
128,15548165105194002,15548165105224002
129,15548165105694002,15548165105719002
130,15548165106014002,15548165106054002
131,15548165106339002,15548165106389002
132,15548165106724002,15548165106884002
133,15548165106969002,15548165107054002
134,15548165107294002,15548165107379002
135,15548165107609002,15548165107714002
136,15548165107924002,15548165108044002
137,15548165108249002,15548165108374002
138,15548165108549002,15548165108704002
139,15548165108879002,15548165109034002
140,15548165109184002,15548165109199002
141,15548165109694002,15548165109864002
142,15548165109974002,15548165110029002
143,15548165110324002,15548165110359002
144,15548165110619002,15548165110699002
145,15548165110954002,15548165111029002
146,15548165111294002,15548165111359002
147,15548165111599002,15548165111689002
148,15548165111924002,15548165112024002
149,15548165112254002,15548165112354002
150,15548165112569002,15548165112684002
151,15548165112889002,15548165113014002
152,15548165113219002,15548165113344002
153,15548165113704002,15548165113844002
154,15548165114039002,15548165114174002
155,15548165114334002,15548165114499002
156,15548165114624002,15548165114669002
157,15548165114974002,15548165114999002
158,15548165115314002,15548165115329002
159,15548165115624002,15548165115669002
160,15548165115944002,15548165115999002
161,15548165116269002,15548165116329002
162,15548165116654002,15548165116824002
163,15548165116924002,15548165116989002
164,15548165117199002,15548165117324002
165,15548165117539002,15548165117649002
166,15548165117974002,15548165117984002
167,15548165118294002,15548165118314002
168,15548165118614002,15548165118649002
169,15548165118944002,15548165118974002
170,15548165119269002,15548165119309002
171,15548165119594002,15548165119639002
172,15548165120319002,15548165120419002
173,15548165120564002,15548165120584002
174,15548165120849002,15548165120914002
175,15548165121104002,15548165121244002
176,15548165121364002,15548165121414002
177,15548165121594002,15548165121744002
178,15548165122044002,15548165122074002
179,15548165122319002,15548165122404002
180,15548165122644002,15548165122734002
181,15548165122964002,15548165123069002
182,15548165123324002,15548165123399002
183,15548165123594002,15548165123729002
184,15548165123919002,15548165124064002
185,15548165124264002,15548165124394002
186,15548165124604002,15548165124724002
187,15548165124904002,15548165125059002
188,15548165125204002,15548165125219002
189,15548165125509002,15548165125549002
190,15548165125994002,15548165126054002
191,15548165126344002,15548165126409002
192,15548165126654002,15548165126714002
193,15548165127014002,15548165127044002
194,15548165127289002,15548165127374002
195,15548165127594002,15548165127704002
196,15548165127904002,15548165128039002
197,15548165128249002,15548165128369002
198,15548165128564002,15548165128704002
199,15548165128884002,15548165129034002
200,15548165129239002,15548165129364002
201,15548165129494002